1846|Our Night Sky|Astronomy & Space Science
1884|Experiencing Hubble: Understanding the Greatest Images of the Universe|Astronomy & Space Science
1810|Understanding the Universe: An Introduction to Astronomy, 2nd Edition|Astronomy & Space Science
1816|Inexplicable Universe: Unsolved Mysteries|Astronomy & Space Science
1205|Higgs Boson and Beyond|Astronomy & Space Science
158|My Favorite Universe|Astronomy & Space Science
1318|Theory of Everything: The Quest to Explain All Reality|Astronomy & Space Science
1852|Skywatching: Seeing and Understanding Cosmic Wonders|Astronomy & Space Science
1893|Visual Guide to the Universe with the Smithsonian|Astronomy & Space Science
1866|Remarkable Science of Ancient Astronomy|Astronomy & Space Science
3502|National Geographic Polar Explorations|Astronomy & Space Science
1898|Life in Our Universe|Astronomy & Space Science
1272|Dark Matter, Dark Energy: The Dark Side of the Universe|Astronomy & Space Science
1257|Mysteries of Modern Physics: Time|Astronomy & Space Science
1830|Cosmology: The History and Nature of Our Universe|Astronomy & Space Science
8050|Big History: The Big Bang, Life on Earth, and the Rise of Humanity|Astronomy & Space Science
1802|Search for Exoplanets: What Astronomers Know|Astronomy & Space Science
1841|Black Holes Explained|Astronomy & Space Science
1750|How the Earth Works|Astronomy & Space Science
1740|Origin and Evolution of Earth: From the Big Bang to the Future...|Astronomy & Space Science
1220|Science in the 20th Century: A Social-Intellectual Survey|Astronomy & Space Science
1252|Physics of History|Astronomy & Space Science
1200|History of Science: Antiquity to 1700|Astronomy & Space Science
1823|New Frontiers: Modern Perspectives on Our Solar System|Astronomy & Space Science
1100|Joy of Science|Astronomy & Space Science
1872|Life and Death of Stars|Astronomy & Space Science
1950|Nutrition Made Clear|Biology
1986|Science of Natural Healing|Biology
160|Understanding the Human Body - An Introduction to Anatomy, 2nd Ed|Biology
1668|Addictive Brain|Biology
1994|Changing Body Composition through Diet and Exercise|Biology
1657|Introduction to Paleontology|Biology
9010|Plant Science: An Introduction to Botany|Biology
1960|Physiology and Fitness|Biology
1631|Anthropology and the Study of Humanity|Biology
1580|Understanding the Brain|Biology
1585|Stress and Your Body|Biology
8128|Doctors: The History of Scientific Medicine Revealed Through Biography|Biology
1977|Medical School for Everyone: Grand Rounds Cases|Biology
3502|National Geographic Polar Explorations|Biology
1500|Biology: The Science of Life|Biology
1898|Life in Our Universe|Biology
1597|Biology and Human Behavior - origins of individuality (2nd)|Biology
1564|Human Body: How we Fail, How we Heal|Biology
1190|Trails of Evidence: How Forensic Science Works|Biology
1174|Forensic History: Crimes, Frauds, and Scandals|Biology
1730|Oceanography: Exploring Earth's Final Frontier|Biology
1520|New History of Life|Biology
1533|Understanding Genetics:  DNA, Genes, and Their Real-World Applications|Biology
1126|12 Essential Scientific Concepts|Biology
1511|Introduction to Infectious Diseases|Biology
1551|Mysteries of the Microscopic World|Biology
1573|Biological Anthropology|Biology
1663|Origins of the Human Mind|Biology
1674|Understanding the Secrets of Human Perception|Biology
174|Theory of Evolution: A History of Controversy|Biology
1546|Sensation, Perception and the Aging Process|Biology
1515|Origins of Life|Biology
1686|Being Human: Life Lessons from the Frontiers of Science|Biology
1100|Joy of Science|Biology
1956|What Science Knows about Cancer|Biology
1612|Rise of Humans: Great Scientific Debates|Biology
1518|Major Transitions in Evolution|Biology
1527|Darwinian Revolution|Biology
1592|Science of Self|Biology
1720|Earth at a Crossroads:Understanding the Ecology of a changing Planet|Biology
1557|Understanding the Human Factor - Life and Its Impact|Biology
1940|Food, Science, and the Human Body|Biology
1707|Wonders of the National Parks - A Geology of North America|Earth Sciences
1712|World's Greatest Geological Wonders: 36 Spectacular Sites|Earth Sciences
1771|Science of Extreme Weather|Earth Sciences
1219|Earth's Changing Climate|Earth Sciences
1363|Science of Energy - Resources and Power Explained|Earth Sciences
3502|National Geographic Polar Explorations|Earth Sciences
1796|Meterology: An Introduction to the Wonders of the Weather|Earth Sciences
9483|Fundamentals of Sustainable Living|Earth Sciences
1700|Nature of Earth: An Introduction to Geology|Earth Sciences
1730|Oceanography: Exploring Earth's Final Frontier|Earth Sciences
1520|New History of Life|Earth Sciences
1126|12 Essential Scientific Concepts|Earth Sciences
1761|Understanding Cultural and Human Geography|Earth Sciences
1750|How the Earth Works|Earth Sciences
1740|Origin and Evolution of Earth: From the Big Bang to the Future...|Earth Sciences
1515|Origins of Life|Earth Sciences
1252|Physics of History|Earth Sciences
1100|Joy of Science|Earth Sciences
1210|History of Science: 1700 to 1900|Earth Sciences
1720|Earth at a Crossroads:Understanding the Ecology of a changing Planet|Earth Sciences
9151|How to Program - Computer Science and Python Exercises|Engineering & Technology
1162|Understanding Modern Electronics|Engineering & Technology
1116|Everyday Engineering - Understanding the Marvels of Daily Life|Engineering & Technology
1153|Understanding the World's Greatest Structures|Engineering & Technology
9523|Thinking about Cybersecurity: From Cyber Crime to Cyber Warfare|Engineering & Technology
1291|Thermodynamics: Four Laws That Move the Universe|Engineering & Technology
1132|Understanding Greek and Roman Technology: From Catapult to the...|Engineering & Technology
1363|Science of Energy - Resources and Power Explained|Engineering & Technology
1321|The Science of Flight|Engineering & Technology
1382|Big Data: How Data Analytics Is Transforming the World|Engineering & Technology
9363|Surveillance State - Big Data, Freedom, and You|Engineering & Technology
9483|Fundamentals of Sustainable Living|Engineering & Technology
1227|Nature of Matter: Understanding the Physical World|Engineering & Technology
1312|Robotics|Engineering & Technology
1301|Science of Information - From Language to Black Holes|Engineering & Technology
7868|The Cathedral|Engineering & Technology
1260|Physics in Your Life|Engineering & Technology
1333|Chaos|Engineering & Technology
1110|Understanding the Inventions that Changed the World|Engineering & Technology
1324|Introduction to Nanotechnology: The New Science of Small|Engineering & Technology
1866|Remarkable Science of Ancient Astronomy|History & Philosophy of Science
8128|Doctors: The History of Scientific Medicine Revealed Through Biography|History & Philosophy of Science
4140|Redefining Reality: The intellectual Implications of Modern Science|History & Philosophy of Science
1551|Mysteries of the Microscopic World|History & Philosophy of Science
1295|Great Ideas of Classical Physics|History & Philosophy of Science
174|Theory of Evolution: A History of Controversy|History & Philosophy of Science
1220|Science in the 20th Century: A Social-Intellectual Survey|History & Philosophy of Science
4100|Philosophy of Science|History & Philosophy of Science
1120|Great Scientific Ideas that Changed the World|History & Philosophy of Science
1200|History of Science: Antiquity to 1700|History & Philosophy of Science
8122|Albert Einstein: Physicist, Philosopher, Humanitarian|History & Philosophy of Science
1235|Science Wars - What Scientist Know and How they know it|History & Philosophy of Science
1210|History of Science: 1700 to 1900|History & Philosophy of Science
9001|36 Big Ideas|History & Philosophy of Science
9388|Skepticism 101: How to Think like a Scientist|History & Philosophy of Science
1668|Addictive Brain|Medicine
9462|Mayo Clinic Guide to Pain Relief|Medicine
1948|Science of Integrative Medicine|Medicine
1671|Brain Myths Exploded: Lessons from Neuroscience|Medicine
1991|Medical School for Everyone - Emergency Medicine|Medicine
1977|Medical School for Everyone: Grand Rounds Cases|Medicine
1511|Introduction to Infectious Diseases|Medicine
9553|Medical School for Everyone - Pediatrics Grand Rounds|Medicine
9631|Cognitive Behavioral Therapy: Techniques for Retraining Your Brain|Neuroscience & Psychology
1965|Scientific Secrets for a Powerful Memory|Neuroscience & Psychology
1633|Aging Brain|Neuroscience & Psychology
1670|Outsmart Yourself: Brain-Based Strategies to a Better You|Neuroscience & Psychology
9303|Science of Mindfulness: A Research-Based Path to Well-Being|Neuroscience & Psychology
7022|How Colors Affect You: What Science Reveals|Neuroscience & Psychology
1668|Addictive Brain|Neuroscience & Psychology
1626|Understanding the Mysteries of Human Behavior|Neuroscience & Psychology
9531|Raising Emotionally and Socially Healthy Kids|Neuroscience & Psychology
1181|Music and the Brain|Neuroscience & Psychology
1671|Brain Myths Exploded: Lessons from Neuroscience|Neuroscience & Psychology
9344|Your Deceptive Mind: A Scientific Guide to Critical Thinking Skills|Neuroscience & Psychology
9654|Boosting Your Emotional Intelligence|Neuroscience & Psychology
4253|Philosopher's Toolkit: How to Be the Most Rational Person in...|Neuroscience & Psychology
1580|Understanding the Brain|Neuroscience & Psychology
1920|Mind-Body Medicine: The New Science of Optimal Health|Neuroscience & Psychology
9542|Scientific Secrets for Raising Kids Who Thrive|Neuroscience & Psychology
1682|Spiritual Brain: Science and Religious Experience|Neuroscience & Psychology
9560|How You Decide: The Science of Human Decision Making|Neuroscience & Psychology
1606|Your Best Brain|Neuroscience & Psychology
5532|Behavioral Economics: When Psychology and Economics Collide|Neuroscience & Psychology
1597|Biology and Human Behavior - origins of individuality (2nd)|Neuroscience & Psychology
1620|Psychology of Human Behavior|Neuroscience & Psychology
4278|Philosophy of Mind: Brains, Consciousness and Thinking Machines|Neuroscience & Psychology
4168|Consciousness and Its Implications|Neuroscience & Psychology
4123|Passions: Philosophy and the Itelligence of Emotions|Neuroscience & Psychology
1540|Neuroscience of Everyday Life|Neuroscience & Psychology
1663|Origins of the Human Mind|Neuroscience & Psychology
1911|Memory and the Human Lifespan|Neuroscience & Psychology
660|Great Ideas of Psychology|Neuroscience & Psychology
1674|Understanding the Secrets of Human Perception|Neuroscience & Psychology
1691|How We Learn|Neuroscience & Psychology
1642|Intelligent Brain|Neuroscience & Psychology
1546|Sensation, Perception and the Aging Process|Neuroscience & Psychology
1942|Secrets of Sleep Science: From Dreams to Disorders|Neuroscience & Psychology
197|Theories of Human Development|Neuroscience & Psychology
1686|Being Human: Life Lessons from the Frontiers of Science|Neuroscience & Psychology
168|Roots of Human Behavior|Neuroscience & Psychology
1391|Understanding the Science for Tomorrow: Myth and Reality|Neuroscience & Psychology
5133|Hidden Factor: Why Thinking Differently Is Your Greatest Asset|Neuroscience & Psychology
9388|Skepticism 101: How to Think like a Scientist|Neuroscience & Psychology
675|Explaining Social Deviance|Neuroscience & Psychology
1592|Science of Self|Neuroscience & Psychology
1884|Experiencing Hubble: Understanding the Greatest Images of the Universe|Physics & Chemistry
1162|Understanding Modern Electronics|Physics & Chemistry
1810|Understanding the Universe: An Introduction to Astronomy, 2nd Edition|Physics & Chemistry
1280|Physics and Our Universe: How it all Works|Physics & Chemistry
1185|Foundations of Organic Chemistry|Physics & Chemistry
1816|Inexplicable Universe: Unsolved Mysteries|Physics & Chemistry
1350|Chemistry and Our Universe: How it All Works|Physics & Chemistry
1205|Higgs Boson and Beyond|Physics & Chemistry
158|My Favorite Universe|Physics & Chemistry
1318|Theory of Everything: The Quest to Explain All Reality|Physics & Chemistry
1153|Understanding the World's Greatest Structures|Physics & Chemistry
153|Einstein's Relativity and the Quantum Revolution: Modern Physics for Non-Scientists (2nd Edition)|Physics & Chemistry
1291|Thermodynamics: Four Laws That Move the Universe|Physics & Chemistry
1852|Skywatching: Seeing and Understanding Cosmic Wonders|Physics & Chemistry
550|Economics, 2nd Ed|Physics & Chemistry
1592|Science of Self|Physics & Chemistry
1272|Dark Matter, Dark Energy: The Dark Side of the Universe|Physics & Chemistry
1257|Mysteries of Modern Physics: Time|Physics & Chemistry
1231|Black Holes, Tides, and Curved Spacetime: Understanding Gravity|Physics & Chemistry
1227|Nature of Matter: Understanding the Physical World|Physics & Chemistry
1830|Cosmology: The History and Nature of Our Universe|Physics & Chemistry
1730|Oceanography: Exploring Earth's Final Frontier|Physics & Chemistry
1301|Science of Information - From Language to Black Holes|Physics & Chemistry
1126|12 Essential Scientific Concepts|Physics & Chemistry
1247|Particle Physics for Non-Physicists: A Tour of the Microcosmos|Physics & Chemistry
1240|Quantum Mechanics: The Physics of the Microscopic World|Physics & Chemistry
1260|Physics in Your Life|Physics & Chemistry
1333|Chaos|Physics & Chemistry
1284|Superstring Theory: The DNA of Reality|Physics & Chemistry
1295|Great Ideas of Classical Physics|Physics & Chemistry
1841|Black Holes Explained|Physics & Chemistry
1220|Science in the 20th Century: A Social-Intellectual Survey|Physics & Chemistry
1120|Great Scientific Ideas that Changed the World|Physics & Chemistry
1299|Impossible: Physics Beyong the Edge|Physics & Chemistry
1252|Physics of History|Physics & Chemistry
1200|History of Science: Antiquity to 1700|Physics & Chemistry
1324|Introduction to Nanotechnology: The New Science of Small|Physics & Chemistry
8122|Albert Einstein: Physicist, Philosopher, Humanitarian|Physics & Chemistry
1823|New Frontiers: Modern Perspectives on Our Solar System|Physics & Chemistry
1100|Joy of Science|Physics & Chemistry
1210|History of Science: 1700 to 1900|Physics & Chemistry
9331|Effective Communication Skills|Social Sciences
5937|Understanding Nonverbal Communication|Social Sciences
5972|Influence: Mastering Life's Most Powerful Skill|Social Sciences
1668|Addictive Brain|Social Sciences
1626|Understanding the Mysteries of Human Behavior|Social Sciences
9313|Art of Storytelling: From Parents to Professionals|Social Sciences
9344|Your Deceptive Mind: A Scientific Guide to Critical Thinking Skills|Social Sciences
6121|Introduction to the Study of Religion|Social Sciences
5964|Art of Conflict Management, Achieving Solutions for Life, Work, and Beyond|Social Sciences
5511|Thinking like an Economist:  A guide to Rational Decision Making|Social Sciences
9560|How You Decide: The Science of Human Decision Making|Social Sciences
5943|Transformational Leadership: How Leaders Change Teams, Companies, and Organizations|Social Sciences
550|Economics (3rd Ed)|Social Sciences
1382|Big Data: How Data Analytics Is Transforming the World|Social Sciences
3340|Classic Archeology of Ancient Greece and Rome|Social Sciences
5532|Behavioral Economics: When Psychology and Economics Collide|Social Sciences
1620|Psychology of Human Behavior|Social Sciences
8530|Civil Liberties and the Bill of Rights|Social Sciences
5665|Thinking about Capitalism|Social Sciences
8570|History of the Supreme Court|Social Sciences
528|Legacies of Great Economists|Social Sciences
1540|Neuroscience of Everyday Life|Social Sciences
5181|Understanding Complexity|Social Sciences
5657|Unexpected Economics|Social Sciences
1761|Understanding Cultural and Human Geography|Social Sciences
660|Great Ideas of Psychology|Social Sciences
1691|How We Learn|Social Sciences
1642|Intelligent Brain|Social Sciences
5892|China, India, and the United States - Future of Democracy|Social Sciences
1220|Science in the 20th Century: A Social-Intellectual Survey|Social Sciences
197|Theories of Human Development|Social Sciences
5332|How Ideas Spread|Social Sciences
168|Roots of Human Behavior|Social Sciences
5610|Modern Economic Issues|Social Sciences
1612|Rise of Humans: Great Scientific Debates|Social Sciences
1391|Understanding the Science for Tomorrow: Myth and Reality|Social Sciences
5642|Foundations of Economic Prosperity|Social Sciences
4617|Peoples and Cultures of the World|Social Sciences
9388|Skepticism 101: How to Think like a Scientist|Social Sciences
675|Explaining Social Deviance|Social Sciences
828|Must History Repeat the Great Conflicts of This Century?|Social Sciences
2263|Language and Society: What Your Speech Says About You|Social Sciences
2052|How the World Learns: Comparative Educational Systems|Social Sciences
1557|Understanding the Human Factor - Life and Its Impact|Social Sciences
1406|Secrets of Mental Math|Applied Mathematics
5724|Understanding Investments|Applied Mathematics
155|Joy of Mathematics, 1st ed|Applied Mathematics
177|Change and Motion: Calculus Made Clear|Applied Mathematics
1280|Physics and Our Universe: How it all Works|Applied Mathematics
1443|Power of Mathematical Visualization|Applied Mathematics
4215|Introduction to Formal Logic|Applied Mathematics
1373|How Music and Mathematics Relate|Applied Mathematics
1014|Mastering the Fundamentals of Mathematics|Applied Mathematics
1007|Understanding Calculus - Problems, Solutions, and Tips|Applied Mathematics
1342|Mathematical Decision Making: Predictive Models and Optimization|Applied Mathematics
1001|Algebra I|Applied Mathematics
5831|Financial Literacy: Finding Your Way in the Financial Markets|Applied Mathematics
1401|Mathematics of Games and Puzzles: From Cards to Sudoku|Applied Mathematics
1002|Algebra I|Applied Mathematics
550|Economics, 2nd Ed|Applied Mathematics
1033|Geometry: An Interactive Journey to Mastery|Applied Mathematics
5630|Money and Banking: What Everyone Should Know|Applied Mathematics
1018|Understanding Calculus II: Problems, Solutions, and Tips|Applied Mathematics
1456|Discrete Mathematics|Applied Mathematics
1005|Mathematics Describing the Real World: Precalculus and Trigonometry|Applied Mathematics
550|Economics (3rd Ed)|Applied Mathematics
1023|Understanding Multivariable Calculus: Problems, Solutions, and Tips|Applied Mathematics
1382|Big Data: How Data Analytics Is Transforming the World|Applied Mathematics
1487|Meaning from Data: Statistics Made Clear|Applied Mathematics
1474|What are the Chances? Probability Made Clear|Applied Mathematics
1466|Mind-bending Math: Riddles and Paradoxes|Applied Mathematics
1452|Mastering Differential Equations: The Visual Method|Applied Mathematics
1423|Joy of Thinking: The Beauty and Power of Classical Mathematical Ideas|Applied Mathematics
1431|Prove It: The Art of Mathematical Argument|Applied Mathematics
5181|Understanding Complexity|Applied Mathematics
1440|Mathematics, Philosophy, and the "Real World"|Applied Mathematics
1483|Art and Craft of Mathematical Problem Solving|Applied Mathematics
1434|Queen of the Sciences: A History of Mathematics|Applied Mathematics
1447|Mathematics from the Visual World|Applied Mathematics
5133|Hidden Factor: Why Thinking Differently Is Your Greatest Asset|Applied Mathematics
1417|Power of Mathematical Thinking: From Newton's Laws to Elections & Economy|Applied Mathematics
1471|Great Thinkers, Great Theorems|History of Mathematics
1466|Mind-bending Math: Riddles and Paradoxes|History of Mathematics
1434|Queen of the Sciences: A History of Mathematics|History of Mathematics
1120|Great Scientific Ideas that Changed the World|History of Mathematics
1499|Zero to Infinity: A History of Numbers|History of Mathematics
1417|Power of Mathematical Thinking: From Newton's Laws to Elections & Economy|History of Mathematics
1456|Discrete Mathematics|Mathematical Theory
1426|Games People Play: Game Theory in Life, Business, and Beyond|Mathematical Theory
1471|Great Thinkers, Great Theorems|Mathematical Theory
1466|Mind-bending Math: Riddles and Paradoxes|Mathematical Theory
1495|Introduction to Number Theory|Mathematical Theory
1333|Chaos|Mathematical Theory
1460|Shape of Nature|Mathematical Theory
1499|Zero to Infinity: A History of Numbers|Mathematical Theory
2031|Art of Public Speaking: Lessons from the Greatest Speeches in History|American History
885|American Civil War|American History
830|History of the United States, 1st Edition|American History
8131|Native Peoples of North America|American History
8576|Experiencing America: A Smithsonian Tour through American History|American History
8588|Skeptic's Guide to American History|American History
3761|History's Great Military Blunders and the Lessons they Teach|American History
132|High School Level - Early American History|American History
131|High School Level - World History: the Fertile Crescent to the American Revolution (HS)|American History
4878|Great Debate: Advocates and Opponents of American Constitution|American History
8514|American Revolution|American History
8580|Turning Points in American History|American History
8557|Robert E. Lee and His High Command|American History
8510|Before 1776: Life in the American Colonies|American History
810|World War II: A Military and Social History|American History
8593|United States and the Middle East: 1914 to 9/11|American History
4855|American Ideals: Founding a "Republic of Virtue"|American History
888|Conquest of the Americas|American History
8561|Mr. Lincoln: The Life of Abraham Lincoln|American History
8530|Civil Liberties and the Bill of Rights|American History
4880|American Mind|American History
8570|History of the Supreme Court|American History
897|American Religious History|American History
8535|America in the Gilded Age and Progressive Era|American History
8598|America and the World - A Diplomatic History|American History
4863|Tocqueville and the american experiment|American History
899|Other 1492, Ferdinand Isabella and the making of an Empire|American History
8950|The Industrial Revolution|American History
4812|Conservative Tradition|American History
4820|Cycles of American Political Thought|American History
8100|Great Presidents|American History
250|Classics of American Literature|American History
5620|America and the New Global Economy|American History
9438|Privacy, Property, and Free Speech: Law and the Constitution|American History
877|Abraham Lincoln in his own words|American History
529|History of the U.S. Economy in the 20th Century|American History
9352|First Amendment and You: What Everyone Should Know|American History
230|20th-Century American Fiction|American History
8520|Origins and Ideologies of the American Revolution|American History
8540|American Identity|American History
8617|Americas in the Revolutionary Era|American History
370|Foundations of Western Civilization|Ancient History Classical
6522|How Jesus Became God|Ancient History Classical
3032|Guide to Essential Italy|Ancient History Classical
9431|Archaeology - An Introduction to the World's Greatest Sites|Ancient History Classical
2201|Latin 101: Learning a Classical Language|Ancient History Classical
3231|Great Tours: Greece and Turkey|Ancient History Classical
6220|Holy Land Revealed|Ancient History Classical
2280|Greek 101: Learning an Ancient Language|Ancient History Classical
1132|Understanding Greek and Roman Technology: From Catapult to the...|Ancient History Classical
3450|Books That Matter: The History of the Decline and Fall of the Roman Empire|Ancient History Classical
6271|Gnosticism: From Nag Hammadi to the Gospel of Judas|Ancient History Classical
6325|World of Biblical Israel|Ancient History Classical
243|Classical Mythology|Ancient History Classical
3340|Classic Archeology of Ancient Greece and Rome|Ancient History Classical
337|Famous Greeks|Ancient History Classical
3421|Mysterious Etruscans|Ancient History Classical
321|Ancient Greek Civilization|Ancient History Classical
363|Great Ancient Civilizations of Asia Minor|Ancient History Classical
340|History of Ancient Rome|Ancient History Classical
3466|Fall of the Pagans and the Origins of Christianity|Ancient History Classical
3390|Alexander the Great and the Macedonian Empire|Ancient History Classical
3460|Rome and the Barbarians|Ancient History Classical
367|World of Byzantium|Ancient History Classical
2353|Herodotus: The Father of History|Ancient History Classical
3356|Greek and Persian Wars|Ancient History Classical
217|Greek Tragedy|Ancient History Classical
3300|Greece and Rome: An Integrated History of the Ancient Mediterranean|Ancient History Classical
3843|Living History: Experiencing Great Events of the Ancient|Ancient History Classical
3372|Peloponnesian War|Ancient History Classical
3430|Experiencing Rome: A Visual Exploration of Antiquity's Greatest Empire|Ancient History Classical
3723|Cities of the Ancient World|Ancient History Classical
349|Famous Romans|Ancient History Classical
3410|Emperors of Rome|Ancient History Classical
464|Greek Legacy: Classical Origins of the Modern World|Ancient History Classical
3310|Long Shadow of the Ancient Greek World|Ancient History Classical
3480|Late Antiquiety : Crisis and Transformation|Ancient History Classical
9002|Joy of Ancient History|Ancient History Classical
327|Alexander the Great and the Hellenistic Age|Ancient History Classical
3317|Age of Pericles|Ancient History Classical
3810|Other Side of History: Daily Life in the Ancient World|Ancient History World
8332|Understanding Japan: A Cultural History|Ancient History World
3830|Barbarian Empires of the Steppes|Ancient History World
3541|Decoding the Secrets of Egyptian Hieroglyphs|Ancient History World
3890|World Was Never the Same: Events that Changed History|Ancient History World
3174|Origins of Great Ancient Civilizations|Ancient History World
3100|Maya to Aztec: Ancient Mesoamerica Revealed|Ancient History World
8060|Big History of Civilizations|Ancient History World
3757|Great Battles of the Ancient World|Ancient History World
3761|History's Great Military Blunders and the Lessons they Teach|Ancient History World
131|High School Level - World History: the Fertile Crescent to the American Revolution (HS)|Ancient History World
8350|History of India|Ancient History World
9422|Masters of War: History's Greatest Strategic Thinkers|Ancient History World
1866|Remarkable Science of Ancient Astronomy|Ancient History World
3742|Pompeii - Daily life in an Ancient City|Ancient History World
3120|Lost Worlds of South America|Ancient History World
3588|Great Pharaohs of Ancient Egypt|Ancient History World
3630|Foundations of Eastern Civilization|Ancient History World
8080|Brief History of the World|Ancient History World
9456|Art of War|Ancient History World
350|History of Ancient Egypt|Ancient History World
8320|From Yao to Mao: 5000 years of Chinese History|Ancient History World
3117|Persian Empire|Ancient History World
3850|History of the Ancient World: A Global Perspective|Ancient History World
8050|Big History: The Big Bang, Life on Earth, and the Rise of Humanity|Ancient History World
3180|Between the Rivers: The History of Ancient Mesopotamia|Ancient History World
3843|Living History: Experiencing Great Events of the Ancient|Ancient History World
3130|Origin of Civilization|Ancient History World
3150|Ancient Empires before Alexander|Ancient History World
3723|Cities of the Ancient World|Ancient History World
8678|African Experience - From Lucy to Mandela|Ancient History World
3650|Exploring the Roots of Religion|Ancient History World
8870|War and World History|Ancient History World
380|Human Prehistory and the First Civilizations|Ancient History World
9002|Joy of Ancient History|Ancient History World
370|Foundations of Western Civilization|Civilization & Culture
3810|Other Side of History: Daily Life in the Ancient World|Civilization & Culture
8332|Understanding Japan: A Cultural History|Civilization & Culture
9431|Archaeology - An Introduction to the World's Greatest Sites|Civilization & Culture
3830|Barbarian Empires of the Steppes|Civilization & Culture
8131|Native Peoples of North America|Civilization & Culture
8740|Irish Identity - Independence, History, and Literature|Civilization & Culture
8700|Foundations of Western Civilization II: A History of the Modern Western World|Civilization & Culture
3541|Decoding the Secrets of Egyptian Hieroglyphs|Civilization & Culture
3890|World Was Never the Same: Events that Changed History|Civilization & Culture
3174|Origins of Great Ancient Civilizations|Civilization & Culture
3100|Maya to Aztec: Ancient Mesoamerica Revealed|Civilization & Culture
7340|Music as a Mirror of History|Civilization & Culture
8060|Big History of Civilizations|Civilization & Culture
1631|Anthropology and the Study of Humanity|Civilization & Culture
8241|Black Death - The World's Most Devastating Plague|Civilization & Culture
3863|History and Achievements of the Islamic Golden Age|Civilization & Culture
3160|The Ottoman Empire|Civilization & Culture
8431|History of British India|Civilization & Culture
8364|History of Eastern Europe|Civilization & Culture
8350|History of India|Civilization & Culture
9422|Masters of War: History's Greatest Strategic Thinkers|Civilization & Culture
3120|Lost Worlds of South America|Civilization & Culture
8340|Turning Points in Middle Eastern History|Civilization & Culture
9180|Food: A Cultural Culinary History|Civilization & Culture
3630|Foundations of Eastern Civilization|Civilization & Culture
7842|World's Greatest Churches|Civilization & Culture
8080|Brief History of the World|Civilization & Culture
3421|Mysterious Etruscans|Civilization & Culture
869|High Middle Ages|Civilization & Culture
8320|From Yao to Mao: 5000 years of Chinese History|Civilization & Culture
2332|Myth in Human History|Civilization & Culture
363|Great Ancient Civilizations of Asia Minor|Civilization & Culture
8050|Big History: The Big Bang, Life on Earth, and the Rise of Humanity|Civilization & Culture
1600|story of human language|Civilization & Culture
7868|The Cathedral|Civilization & Culture
3962|History's Greatest Voyages of Exploration|Civilization & Culture
8894|London: A Short History of the Greatest City in the Western World|Civilization & Culture
1761|Understanding Cultural and Human Geography|Civilization & Culture
7544|Museum Masterpieces - The National Gallery|Civilization & Culture
3300|Greece and Rome: An Integrated History of the Ancient Mediterranean|Civilization & Culture
4360|Wisdom of History|Civilization & Culture
1110|Understanding the Inventions that Changed the World|Civilization & Culture
8818|Making History: How Great Historians Interpret the Past|Civilization & Culture
3940|Renaissance, the Reformation, and the Rise of Nations|Civilization & Culture
3130|Origin of Civilization|Civilization & Culture
1120|Great Scientific Ideas that Changed the World|Civilization & Culture
8215|Development of European Civilization|Civilization & Culture
820|Europe and Western Civilization in the Modern Age|Civilization & Culture
4617|Peoples and Cultures of the World|Civilization & Culture
3723|Cities of the Ancient World|Civilization & Culture
8678|African Experience - From Lucy to Mandela|Civilization & Culture
8870|War and World History|Civilization & Culture
380|Human Prehistory and the First Civilizations|Civilization & Culture
7820|30 Masterpieces of the Ancient World|Civilization & Culture
9003|36 Revolutionary Figures of History|Civilization & Culture
8286|The History of Spain: Land on a Crossroad|Civilization & Culture
370|Foundations of Western Civilization|Medieval History
3830|Barbarian Empires of the Steppes|Medieval History
8241|Black Death - The World's Most Devastating Plague|Medieval History
3863|History and Achievements of the Islamic Golden Age|Medieval History
3910|Vikings|Medieval History
8267|Early Middle Ages|Medieval History
8280|Medieval World|Medieval History
3021|Great Tours: Experiencing Medieval Europe|Medieval History
8410|Story of Medieval England: From King Arthur to the Tudor Conquest|Medieval History
6640|Catholic Church - A History|Medieval History
615|Francis of Assisi|Medieval History
7842|World's Greatest Churches|Medieval History
8080|Brief History of the World|Medieval History
869|High Middle Ages|Medieval History
6672|Popes and the Papacy: A History|Medieval History
8422|1066: The Year That Changed Everything|Medieval History
8320|From Yao to Mao: 5000 years of Chinese History|Medieval History
2376|King Arthur: History and Legend|Medieval History
8296|Late Middle Ages|Medieval History
8050|Big History: The Big Bang, Life on Earth, and the Rise of Humanity|Medieval History
7868|The Cathedral|Medieval History
3466|Fall of the Pagans and the Origins of Christianity|Medieval History
6610|History of Christianity: From the Disciples to the Dawn of the...|Medieval History
4636|Reason and Faith - Philosophy in Middle Ages|Medieval History
4360|Wisdom of History|Medieval History
3843|Living History: Experiencing Great Events of the Ancient|Medieval History
390|Era of the Crusades|Medieval History
3931|How the Crusades Changed History|Medieval History
8870|War and World History|Medieval History
8276|Turning Points in Medieval History|Medieval History
304|Life and Writings of Geoffrey Chaucer|Medieval History
4631|Great Minds of the Medieval World|Medieval History
3480|Late Antiquiety : Crisis and Transformation|Medieval History
2937|Medieval Heroines in History and Legend|Medieval History
863|Medieval Europe: Crisis and Renewal|Medieval History
805|History of Hitler's Empire, 2nd Ed|Modern European History
8740|Irish Identity - Independence, History, and Literature|Modern European History
8700|Foundations of Western Civilization II: A History of the Modern Western World|Modern European History
807|Churchill|Modern European History
3160|The Ottoman Empire|Modern European History
8364|History of Eastern Europe|Modern European History
8313|Utopia and Terror in the 20th Century|Modern European History
447|Birth of the Modern Mind: The Intellectual History of the 17th and 18th Centuries|Modern European History
8210|World War I: The 'Great' War|Modern European History
8480|Rise and Fall of the British Empire|Modern European History
690|History of Christianity in the Reformation Era|Modern European History
5665|Thinking about Capitalism|Modern European History
8894|London: A Short History of the Greatest City in the Western World|Modern European History
8190|Long 19th Century: European History from 1789 to 1917|Modern European History
8380|History of Russia: From Peter the Great to Gorbachev|Modern European History
8922|Espionage and Covert Operations: A Global History|Modern European History
8220|Living the French Revolution and the Age of Napoleon|Modern European History
8820|War, Peace, and Power: Diplomatic History of Europe 1500-2000|Modern European History
8215|Development of European Civilization|Modern European History
827|Rise and Fall of Soviet Communism: A History of 20th-Century Russia|Modern European History
452|Voltaire and the Triumph of the Enlightenment|Modern European History
820|Europe and Western Civilization in the Modern Age|Modern European History
8490|Victorian Britain|Modern European History
8270|european history and european lives 1715-1914|Modern European History
8286|The History of Spain: Land on a Crossroad|Modern European History
2031|Art of Public Speaking: Lessons from the Greatest Speeches in History|Modern World History
8332|Understanding Japan: A Cultural History|Modern World History
3890|World Was Never the Same: Events that Changed History|Modern World History
1153|Understanding the World's Greatest Structures|Modern World History
5670|Economic History of the World Since 1400|Modern World History
8060|Big History of Civilizations|Modern World History
3160|The Ottoman Empire|Modern World History
3761|History's Great Military Blunders and the Lessons they Teach|Modern World History
5913|Strategic Thinking Skills|Modern World History
8431|History of British India|Modern World History
131|High School Level - World History: the Fertile Crescent to the American Revolution (HS)|Modern World History
9422|Masters of War: History's Greatest Strategic Thinkers|Modern World History
8340|Turning Points in Middle Eastern History|Modern World History
8032|Turning Points in Modern History|Modern World History
810|World War II: A Military and Social History|Modern World History
8593|United States and the Middle East: 1914 to 9/11|Modern World History
8080|Brief History of the World|Modern World History
8480|Rise and Fall of the British Empire|Modern World History
1174|Forensic History: Crimes, Frauds, and Scandals|Modern World History
8320|From Yao to Mao: 5000 years of Chinese History|Modern World History
2830|Classics of Russian Literature|Modern World History
5665|Thinking about Capitalism|Modern World History
528|Legacies of Great Economists|Modern World History
8050|Big History: The Big Bang, Life on Earth, and the Rise of Humanity|Modern World History
3962|History's Greatest Voyages of Exploration|Modern World History
8598|America and the World - A Diplomatic History|Modern World History
8514|American Revolution|Modern World History
8922|Espionage and Covert Operations: A Global History|Modern World History
5574|Why Economies Rise or Fall|Modern World History
5892|China, India, and the United States - Future of Democracy|Modern World History
8370|Fall and Rise of China|Modern World History
4360|Wisdom of History|Modern World History
1110|Understanding the Inventions that Changed the World|Modern World History
5620|America and the New Global Economy|Modern World History
8122|Albert Einstein: Physicist, Philosopher, Humanitarian|Modern World History
529|History of the U.S. Economy in the 20th Century|Modern World History
5610|Modern Economic Issues|Modern World History
8678|African Experience - From Lucy to Mandela|Modern World History
8870|War and World History|Modern World History
828|Must History Repeat the Great Conflicts of This Century?|Modern World History
8617|Americas in the Revolutionary Era|Modern World History
8090|Interpreting the 20th Century: The Struggle Over Democracy|Modern World History
8364|History of Eastern Europe|Renaissance & Early Modern History
131|High School Level - World History: the Fertile Crescent to the American Revolution (HS)|Renaissance & Early Modern History
6633|Luther: Gospel, Law, and Reformation|Renaissance & Early Modern History
4944|Books that Matter: The Prince|Renaissance & Early Modern History
6640|Catholic Church - A History|Renaissance & Early Modern History
888|Conquest of the Americas|Renaissance & Early Modern History
6672|Popes and the Papacy: A History|Renaissance & Early Modern History
3970|Italian Reniassance|Renaissance & Early Modern History
690|History of Christianity in the Reformation Era|Renaissance & Early Modern History
8232|Italians Before Italy: Conflict and Competition in the Mediterranean|Renaissance & Early Modern History
893|Terror of History Mystics Heretics and witches|Renaissance & Early Modern History
8470|History of England from the Tudors to the Stuarts|Renaissance & Early Modern History
3962|History's Greatest Voyages of Exploration|Renaissance & Early Modern History
4311|Machiavelli in Context|Renaissance & Early Modern History
899|Other 1492, Ferdinand Isabella and the making of an Empire|Renaissance & Early Modern History
6610|History of Christianity: From the Disciples to the Dawn of the...|Renaissance & Early Modern History
8467|Age of Henry VIII|Renaissance & Early Modern History
3940|Renaissance, the Reformation, and the Rise of Nations|Renaissance & Early Modern History
8286|The History of Spain: Land on a Crossroad|Renaissance & Early Modern History
8140|Decisive Battles of World History|Military History
3761|History's Great Military Blunders and the Lessons they Teach|Military History
3032|Guide to Essential Italy|Art History
7175|Museum Masterpieces - The Louvre|Art History
7640|How to Look at Understand Great Art|Art History
7126|World's Greatest Paintings|Art History
1153|Understanding the World's Greatest Structures|Art History
7100|History of European Art|Art History
7510|Museum Masterpieces - The Metropolitan Museum of Art|Art History
7187|From Monet to Van Gogh: A history of Impressionism|Art History
7842|World's Greatest Churches|Art History
7140|Great Artists of the Italian Renaissance|Art History
7158|Masterworks of American Art|Art History
7868|The Cathedral|Art History
7111|Leonardo da Vinci and the Italian High Renaissance|Art History
7544|Museum Masterpieces - The National Gallery|Art History
7130|Genius of Michelangelo|Art History
1252|Physics of History|Art History
7150|Art across the Ages|Art History
7180|Dutch Masters: The Age of Rembrandt|Art History
7170|Art of the Northern Renaissance|Art History
7820|30 Masterpieces of the Ancient World|Art History
7901|Fundamentals of Photography|Studio Art
7923|National Geographic Masters of Photography|Studio Art
7770|How to Draw|Studio Art
7931|Fundamentals of Photography II|Studio Art
7640|How to Look at Understand Great Art|Studio Art
7912|Art of Travel Photography: Six Expert Lessons|Studio Art
7022|How Colors Affect You: What Science Reveals|Studio Art
7126|World's Greatest Paintings|Studio Art
700|How to Listen to and Understand Great Music, 3rd Ed|Classical Music
1373|How Music and Mathematics Relate|Classical Music
7340|Music as a Mirror of History|Classical Music
7320|23 Greatest Solo Piano Works|Classical Music
7330|30 Greatest Orchestral Works|Classical Music
752|Great Masters: Mozart - His life and Music|Classical Music
740|How to Listen to and Understand Opera|Classical Music
755|Great Masters: Beethoven-His Life and Music |Classical Music
7237|Chamber Music of Mozart|Classical Music
7316|Great Works of Sacred Music, The|Classical Music
7240|String Quartets of Beethoven|Classical Music
753|Great Masters: Tchaikovsky - His Life and Music|Classical Music
757|Great Masters: Brahms - His Life and Music|Classical Music
756|Great Masters: Mahler-His Life and Music|Classical Music
7210|Symphony|Classical Music
720|Bach and the High Baroque|Classical Music
730|Symphonies of Beethoven|Classical Music
780|Operas of Mozart|Classical Music
760|Great Masters: Shostakovich - His Life and Music|Classical Music
751|Great Masters: Haydn - His Life And Music|Classical Music
754|Great Masters: Stravinsky - His Life and Music|Classical Music
759|Great Masters: The Schumanns - Their Lives and Music|Classical Music
7270|The Concerto|Classical Music
790|Life and Operas of Verdi|Classical Music
7250|Beethoven’s Piano Sonatas|Classical Music
7290|Music of Richard Wagner|Classical Music
710|Concert Masterworks|Classical Music
758|Great Masters: Liszt - His Life and Music|Classical Music
1373|How Music and Mathematics Relate|Modern Music
728|Elements of Jazz: From Cakewalks to Fusion|Modern Music
7318|Great American Music - Broadway Musicals|Modern Music
754|Great Masters: Stravinsky - His Life and Music|Modern Music
7261|Understanding the Fundamentals of Music|Musical Theory
1373|How Music and Mathematics Relate|Musical Theory
1181|Music and the Brain|Musical Theory
720|Bach and the High Baroque|Musical Theory
656|New Testament|Biblical Studies
653|Old Testament|Biblical Studies
6650|Reading Biblical Literature: Genesis to Revelation|Biblical Studies
643|Historical Jesus|Biblical Studies
6299|History of the Bible: Making of the New Testament Canon|Biblical Studies
6362|Dead Sea Scrolls|Biblical Studies
6593|Lost Christianities: Christian Scriptures and the Battles over Authentication|Biblical Studies
6240|Jesus and the Gospels|Biblical Studies
6101|Great World Religions: Christianity|Biblical Studies
6206|Great Figures of the New Testament|Biblical Studies
657|Apostle Paul|Biblical Studies
6610|History of Christianity: From the Disciples to the Dawn of the...|Biblical Studies
6252|Story of the Bible|Biblical Studies
6450|History of Christian Theology|Biblical Studies
647|Early Christianity: The Experience of the Divine|Biblical Studies
6537|After the New Testament|Biblical Studies
6260|Biblical Wisdom Literature|Biblical Studies
6234|Book of Geneisis|Biblical Studies
656|New Testament|Christianity Studies
653|Old Testament|Christianity Studies
6522|How Jesus Became God|Christianity Studies
6281|Jesus and His Jewish Influences|Christianity Studies
6220|Holy Land Revealed|Christianity Studies
6650|Reading Biblical Literature: Genesis to Revelation|Christianity Studies
643|Historical Jesus|Christianity Studies
6299|History of the Bible: Making of the New Testament Canon|Christianity Studies
297|Life and writings - cs lewis|Christianity Studies
6271|Gnosticism: From Nag Hammadi to the Gospel of Judas|Christianity Studies
6941|Books that Matter: The City of God|Christianity Studies
6633|Luther: Gospel, Law, and Reformation|Christianity Studies
4691|Science and Religion|Christianity Studies
6362|Dead Sea Scrolls|Christianity Studies
6325|World of Biblical Israel|Christianity Studies
6640|Catholic Church - A History|Christianity Studies
6593|Lost Christianities: Christian Scriptures and the Battles over Authentication|Christianity Studies
6481|Lives of Great Christians|Christianity Studies
615|Francis of Assisi|Christianity Studies
7842|World's Greatest Churches|Christianity Studies
6627|St. Augustine’s Confessions|Christianity Studies
6240|Jesus and the Gospels|Christianity Studies
287|Dante’s Divine Comedy|Christianity Studies
6577|From Jesus to Constantine: A History of Early Christianity|Christianity Studies
6672|Popes and the Papacy: A History|Christianity Studies
611|Augustine: Philosopher and Saint|Christianity Studies
690|History of Christianity in the Reformation Era|Christianity Studies
897|American Religious History|Christianity Studies
6101|Great World Religions: Christianity|Christianity Studies
7868|The Cathedral|Christianity Studies
6380|Confucius, Budda, Jesus, and Muhammad|Christianity Studies
7316|Great Works of Sacred Music, The|Christianity Studies
6206|Great Figures of the New Testament|Christianity Studies
657|Apostle Paul|Christianity Studies
6610|History of Christianity: From the Disciples to the Dawn of the...|Christianity Studies
6433|Apocalypse: Controversies and Meaning in Western History|Christianity Studies
6252|Story of the Bible|Christianity Studies
6450|History of Christian Theology|Christianity Studies
4610|Philosophy, Religion, and the Meaning of Life|Christianity Studies
4636|Reason and Faith - Philosophy in Middle Ages|Christianity Studies
4670|Skeptics and Believers - Religious Debate in the Western Intellectual Tradition|Christianity Studies
647|Early Christianity: The Experience of the Divine|Christianity Studies
6537|After the New Testament|Christianity Studies
6410|Greatest Controversies of Early Christian History|Christianity Studies
6130|Mystical Tradition: Judaism, Christianity, and Islam|Christianity Studies
4680|Philosophy of Religion|Christianity Studies
4453|Natural Law and Human Nature|Christianity Studies
616|God and Mankind: Comparative religions|Christianity Studies
6260|Biblical Wisdom Literature|Christianity Studies
6234|Book of Geneisis|Christianity Studies
625|Philosophy and Religion in the West|Christianity Studies
6822|Death, Dying, and the Afterlife: Lessons from World Cultures|Comparative Religious Studies
6160|Sacred Texts of the World|Comparative Religious Studies
2380|Great Mythologies of the World|Comparative Religious Studies
1933|Practicing Mindfulness: An Introduction to Meditation|Eastern & World Religion
6172|Comparative Religion|Eastern & World Religion
1682|Spiritual Brain: Science and Religious Experience|Eastern & World Religion
6891|Cultural Literacy for Religion: Everything the Well-Educated Person...|Eastern & World Religion
6822|Death, Dying, and the Afterlife: Lessons from World Cultures|Eastern & World Religion
6160|Sacred Texts of the World|Eastern & World Religion
687|Buddhism|Eastern & World Religion
4320|Meaning of Life: Perspectives from the World's Great Intellectual Traditions|Eastern & World Religion
6102|Great World Religions: Islam|Eastern & World Religion
6104|Great World Religions: Hinduism|Eastern & World Religion
6105|Great World Religions: Buddhism|Eastern & World Religion
6312|Religions in the Axial Age - An Approach to the World's Religion|Eastern & World Religion
4610|Philosophy, Religion, and the Meaning of Life|Eastern & World Religion
4620|Great Minds of the Eastern Intellectual Tradition|Eastern & World Religion
6810|Why Evil Exists|Eastern & World Religion
6121|Introduction to the Study of Religion|Eastern & World Religion
616|God and Mankind: Comparative religions|Eastern & World Religion
3650|Exploring the Roots of Religion|Eastern & World Religion
6340|Religion in the Ancient Mediterranean World|Eastern & World Religion
653|Old Testament|Judaism
6281|Jesus and His Jewish Influences|Judaism
6220|Holy Land Revealed|Judaism
643|Historical Jesus|Judaism
6891|Cultural Literacy for Religion: Everything the Well-Educated Person...|Judaism
4691|Science and Religion|Judaism
6362|Dead Sea Scrolls|Judaism
6325|World of Biblical Israel|Judaism
6457|Beginnings of Judaism|Judaism
6423|Introduction to Judaism|Judaism
6103|Great World Religions: Judaism|Judaism
4610|Philosophy, Religion, and the Meaning of Life|Judaism
4670|Skeptics and Believers - Religious Debate in the Western Intellectual Tradition|Judaism
6810|Why Evil Exists|Judaism
4647|Jewish Intellectual History: 16th to 20th Century|Judaism
4680|Philosophy of Religion|Judaism
4652|Between Cross and Crescent: Jewish Civilization from Mohammed to Spinoza|Judaism
616|God and Mankind: Comparative religions|Judaism
6260|Biblical Wisdom Literature|Judaism
6234|Book of Geneisis|Judaism
625|Philosophy and Religion in the West|Judaism
4200|Great Ideas of Philosophy (2nd Edition)|Medieval Philosophy
615|Francis of Assisi|Medieval Philosophy
611|Augustine: Philosopher and Saint|Medieval Philosophy
400|Great Minds of the Western Intellectual Tradition, 2nd Edition|Medieval Philosophy
4636|Reason and Faith - Philosophy in Middle Ages|Medieval Philosophy
4631|Great Minds of the Medieval World|Medieval Philosophy
4200|Great Ideas of Philosophy (2nd Edition)|Ancient Philosophy
6457|Beginnings of Judaism|Ancient Philosophy
301|iliad of Homer|Ancient Philosophy
4320|Meaning of Life: Perspectives from the World's Great Intellectual Traditions|Ancient Philosophy
6627|St. Augustine’s Confessions|Ancient Philosophy
302|Odyssey of Homer|Ancient Philosophy
6423|Introduction to Judaism|Ancient Philosophy
611|Augustine: Philosopher and Saint|Ancient Philosophy
408|Ethics of Aristotle|Ancient Philosophy
6103|Great World Religions: Judaism|Ancient Philosophy
6104|Great World Religions: Hinduism|Ancient Philosophy
6105|Great World Religions: Buddhism|Ancient Philosophy
6380|Confucius, Budda, Jesus, and Muhammad|Ancient Philosophy
4642|Books that Matter: The Analects of Confucius|Ancient Philosophy
6312|Religions in the Axial Age - An Approach to the World's Religion|Ancient Philosophy
400|Great Minds of the Western Intellectual Tradition, 2nd Edition|Ancient Philosophy
4610|Philosophy, Religion, and the Meaning of Life|Ancient Philosophy
463|Plato, Socrates, and the Dialogues|Ancient Philosophy
4477|Introduction to Greek Philosophy|Ancient Philosophy
303|Aeneid of Virgil|Ancient Philosophy
6537|After the New Testament|Ancient Philosophy
6410|Greatest Controversies of Early Christian History|Ancient Philosophy
6130|Mystical Tradition: Judaism, Christianity, and Islam|Ancient Philosophy
443|Power over People: Classical and Modern Political Theory|Ancient Philosophy
4537|Plato’s Republic|Ancient Philosophy
616|God and Mankind: Comparative religions|Ancient Philosophy
4460|Masters of Greek Thought: Plato, Socrates and Aristotle|Ancient Philosophy
3870|Life Lessons from the Great Myths|Ancient Philosophy
625|Philosophy and Religion in the West|Ancient Philosophy
464|Greek Legacy: Classical Origins of the Modern World|Ancient Philosophy
6340|Religion in the Ancient Mediterranean World|Ancient Philosophy
4473|Practical Philosophy: the Greco-roman moralists|Ancient Philosophy
6522|How Jesus Became God|Intellectual History
4200|Great Ideas of Philosophy (2nd Edition)|Intellectual History
3890|World Was Never the Same: Events that Changed History|Intellectual History
4130|Big Questions of Philosophy|Intellectual History
3863|History and Achievements of the Islamic Golden Age|Intellectual History
4878|Great Debate: Advocates and Opponents of American Constitution|Intellectual History
3450|Books That Matter: The History of the Decline and Fall of the Roman Empire|Intellectual History
6941|Books that Matter: The City of God|Intellectual History
6633|Luther: Gospel, Law, and Reformation|Intellectual History
4944|Books that Matter: The Prince|Intellectual History
447|Birth of the Modern Mind: The Intellectual History of the 17th and 18th Centuries|Intellectual History
6640|Catholic Church - A History|Intellectual History
615|Francis of Assisi|Intellectual History
4320|Meaning of Life: Perspectives from the World's Great Intellectual Traditions|Intellectual History
2598|Emerson, Thoreau and the Transcendentalist Movement|Intellectual History
4855|"American Ideals: Founding a ""Republic of Virtue"""|Intellectual History
6672|Popes and the Papacy: A History|Intellectual History
4790|Modern Intellectual Tradition: From Descartes to Derrida|Intellectual History
8530|Civil Liberties and the Bill of Rights|Intellectual History
4880|American Mind|Intellectual History
8570|History of the Supreme Court|Intellectual History
897|American Religious History|Intellectual History
4294|Argumentation: The Study of Effective Reasoning (2nd Ed)|Intellectual History
4863|Tocqueville and the american experiment|Intellectual History
4311|Machiavelli in Context|Intellectual History
400|Great Minds of the Western Intellectual Tradition, 2nd Edition|Intellectual History
4750|Modern Political Tradition: Hobbes to Habermas|Intellectual History
6450|History of Christian Theology|Intellectual History
4600|Books that Have made History|Intellectual History
4812|Conservative Tradition|Intellectual History
4820|Cycles of American Political Thought|Intellectual History
4610|Philosophy, Religion, and the Meaning of Life|Intellectual History
4433|Questions of Value|Intellectual History
4670|Skeptics and Believers - Religious Debate in the Western Intellectual Tradition|Intellectual History
4360|Wisdom of History|Intellectual History
8818|Making History: How Great Historians Interpret the Past|Intellectual History
4620|Great Minds of the Eastern Intellectual Tradition|Intellectual History
1120|Great Scientific Ideas that Changed the World|Intellectual History
8215|Development of European Civilization|Intellectual History
480|History of Freedom|Intellectual History
4647|Jewish Intellectual History: 16th to 20th Century|Intellectual History
443|Power over People: Classical and Modern Political Theory|Intellectual History
4652|Between Cross and Crescent: Jewish Civilization from Mohammed to Spinoza|Intellectual History
452|Voltaire and the Triumph of the Enlightenment|Intellectual History
2180|Life Lessons from the Great Books|Intellectual History
9004|36 Books That Changed the World|Intellectual History
3870|Life Lessons from the Great Myths|Intellectual History
625|Philosophy and Religion in the West|Intellectual History
1527|Darwinian Revolution|Intellectual History
4117|Enlightenment: Invention of the Modern Self|Intellectual History
9001|36 Big Ideas|Intellectual History
4427|European Thought and Culture in the 20th Century|Intellectual History
4423|European Thought and Culture in the 19th century|Intellectual History
464|Greek Legacy: Classical Origins of the Modern World|Intellectual History
449|Freedom: The Philosophy of Liberation|Intellectual History
4631|Great Minds of the Medieval World|Intellectual History
8520|Origins and Ideologies of the American Revolution|Intellectual History
4242|Rights of Man - Great Thinks and Great Movements|Intellectual History
4200|Great Ideas of Philosophy (2nd Edition)|Medieval Philosophy
6941|Books that Matter: The City of God|Medieval Philosophy
615|Francis of Assisi|Medieval Philosophy
611|Augustine: Philosopher and Saint|Medieval Philosophy
6102|Great World Religions: Islam|Medieval Philosophy
400|Great Minds of the Western Intellectual Tradition, 2nd Edition|Medieval Philosophy
4636|Reason and Faith - Philosophy in Middle Ages|Medieval Philosophy
480|History of Freedom|Medieval Philosophy
4453|Natural Law and Human Nature|Medieval Philosophy
4631|Great Minds of the Medieval World|Medieval Philosophy
4200|Great Ideas of Philosophy (2nd Edition)|Modern Philosophy
4215|Introduction to Formal Logic|Modern Philosophy
4253|Philosopher's Toolkit: How to Be the Most Rational Person in...|Modern Philosophy
6822|Death, Dying, and the Afterlife: Lessons from World Cultures|Modern Philosophy
4691|Science and Religion|Modern Philosophy
447|Birth of the Modern Mind: The Intellectual History of the 17th and 18th Centuries|Modern Philosophy
4320|Meaning of Life: Perspectives from the World's Great Intellectual Traditions|Modern Philosophy
430|No Excuses: Existentialism and the Meaning of Life, 1st Ed|Modern Philosophy
4140|Redefining Reality: The intellectual Implications of Modern Science|Modern Philosophy
4790|Modern Intellectual Tradition: From Descartes to Derrida|Modern Philosophy
4278|Philosophy of Mind: Brains, Consciousness and Thinking Machines|Modern Philosophy
5665|Thinking about Capitalism|Modern Philosophy
4168|Consciousness and Its Implications|Modern Philosophy
4123|Passions: Philosophy and the Itelligence of Emotions|Modern Philosophy
4294|Argumentation: The Study of Effective Reasoning (2nd Ed)|Modern Philosophy
415|Will to Power, the philosophy of Nietzsche|Modern Philosophy
4311|Machiavelli in Context|Modern Philosophy
400|Great Minds of the Western Intellectual Tradition, 2nd Edition|Modern Philosophy
4750|Modern Political Tradition: Hobbes to Habermas|Modern Philosophy
4812|Conservative Tradition|Modern Philosophy
4610|Philosophy, Religion, and the Meaning of Life|Modern Philosophy
4433|Questions of Value|Modern Philosophy
4670|Skeptics and Believers - Religious Debate in the Western Intellectual Tradition|Modern Philosophy
4100|Philosophy of Science|Modern Philosophy
480|History of Freedom|Modern Philosophy
4182|Exploring Metaphysics|Modern Philosophy
4680|Philosophy of Religion|Modern Philosophy
4244|Philosophy as a Guide to Living|Modern Philosophy
443|Power over People: Classical and Modern Political Theory|Modern Philosophy
4652|Between Cross and Crescent: Jewish Civilization from Mohammed to Spinoza|Modern Philosophy
452|Voltaire and the Triumph of the Enlightenment|Modern Philosophy
4222|Moral Decision Making: How to Approach Everyday Ethics|Modern Philosophy
4117|Enlightenment: Invention of the Modern Self|Modern Philosophy
4235|Great Philosophical Debates: Free Will and Determinism|Modern Philosophy
4413|Tools of Thinking: Understanding the World Through Experience and Reason|Modern Philosophy
4427|European Thought and Culture in the 20th Century|Modern Philosophy
4423|European Thought and Culture in the 19th century|Modern Philosophy
455|Quest for Meaning: Values, Ethics, and the Modern Experience|Modern Philosophy
292|Literary Modernism: The Struggle for Modern History|Modern Philosophy
4242|Rights of Man - Great Thinks and Great Movements|Modern Philosophy
2280|Greek 101: Learning an Ancient Language|Ancient Literature & Mythology
6299|History of the Bible: Making of the New Testament Canon|Ancient Literature & Mythology
6362|Dead Sea Scrolls|Ancient Literature & Mythology
243|Classical Mythology|Ancient Literature & Mythology
6593|Lost Christianities: Christian Scriptures and the Battles over Authentication|Ancient Literature & Mythology
6457|Beginnings of Judaism|Ancient Literature & Mythology
301|iliad of Homer|Ancient Literature & Mythology
6627|St. Augustine’s Confessions|Ancient Literature & Mythology
302|Odyssey of Homer|Ancient Literature & Mythology
6240|Jesus and the Gospels|Ancient Literature & Mythology
2332|Myth in Human History|Ancient Literature & Mythology
4642|Books that Matter: The Analects of Confucius|Ancient Literature & Mythology
6433|Apocalypse: Controversies and Meaning in Western History|Ancient Literature & Mythology
6252|Story of the Bible|Ancient Literature & Mythology
4600|Books that Have made History|Ancient Literature & Mythology
2353|Herodotus: The Father of History|Ancient Literature & Mythology
217|Greek Tragedy|Ancient Literature & Mythology
303|Aeneid of Virgil|Ancient Literature & Mythology
2380|Great Mythologies of the World|Ancient Literature & Mythology
2300|History of World Literature|Ancient Literature & Mythology
2997|Masterpieces of the Imaginative Mind - Literature's Most Fantastic Works|Ancient Literature & Mythology
6537|After the New Testament|Ancient Literature & Mythology
2390|Masterpieces of Ancient Greek Literature|Ancient Literature & Mythology
6260|Biblical Wisdom Literature|Ancient Literature & Mythology
2180|Life Lessons from the Great Books|Ancient Literature & Mythology
6234|Book of Geneisis|Ancient Literature & Mythology
3870|Life Lessons from the Great Myths|Ancient Literature & Mythology
2100|Great Authors of the Western Literary Tradition, 2nd Edition|Ancient Literature & Mythology
2120|Western Literary Canon in Context|Ancient Literature & Mythology
2336|Representing Justice: Stories of Law and Literature|Ancient Literature & Mythology
2937|Medieval Heroines in History and Legend|Ancient Literature & Mythology
2411|A Children's Guide to Folklore and Wonder Tales|Ancient Literature & Mythology
2442|Secrets of Great Mystery and Suspense Fiction|American Literature
2598|Emerson, Thoreau and the Transcendentalist Movement|American Literature
2527|Great American Bestsellers: Books that Shaped America|American Literature
4600|Books that Have made History|American Literature
2567|life and work - mark twain|American Literature
2112|Skeptics Guide to the Great Books|American Literature
250|Classics of American Literature|American Literature
2300|History of World Literature|American Literature
2317|Masterpieces of Short Fiction|American Literature
2539|Masterworks of Early 20th Century Literature|American Literature
230|20th-Century American Fiction|American Literature
2100|Great Authors of the Western Literary Tradition, 2nd Edition|American Literature
2120|Western Literary Canon in Context|American Literature
2161|A Day's Read|American Literature
210|Understanding Literature and Life: Drama, Poetry and Narrative|American Literature
8740|Irish Identity - Independence, History, and Literature|British Literature
2442|Secrets of Great Mystery and Suspense Fiction|British Literature
297|Life and writings - cs lewis|British Literature
3450|Books That Matter: The History of the Decline and Fall of the Roman Empire|British Literature
237|Joyce's Ulysses|British Literature
2711|How to Read and Understand Shakespeare|British Literature
2752|Shakespeare's Tragedies|British Literature
2198|Art of Reading|British Literature
2376|King Arthur: History and Legend|British Literature
2429|The English Novel|British Literature
2400|Classics of British Literature|British Literature
4600|Books that Have made History|British Literature
2310|Classic Novels: Meeting the Challenge of Great Literature|British Literature
2112|Skeptics Guide to the Great Books|British Literature
2300|History of World Literature|British Literature
2997|Masterpieces of the Imaginative Mind - Literature's Most Fantastic Works|British Literature
2317|Masterpieces of Short Fiction|British Literature
280|William Shakespeare: Comedies, Histories, and Tragedies|British Literature
273|Shakespeare: The Word and the Action|British Literature
2477|Lives and Works of the English Romantic Poets|British Literature
4117|Enlightenment: Invention of the Modern Self|British Literature
304|Life and Writings of Geoffrey Chaucer|British Literature
291|Modern British Drama|British Literature
305|Life and Writings of John Milton|British Literature
292|Literary Modernism: The Struggle for Modern History|British Literature
2100|Great Authors of the Western Literary Tradition, 2nd Edition|British Literature
2120|Western Literary Canon in Context|British Literature
2161|A Day's Read|British Literature
210|Understanding Literature and Life: Drama, Poetry and Narrative|British Literature
2336|Representing Justice: Stories of Law and Literature|British Literature
2937|Medieval Heroines in History and Legend|British Literature
2810|Learning Spanish - How to Understand and Speak a New Language|Linguistics
9373|Building a Better Vocabulary|Linguistics
2201|Latin 101: Learning a Classical Language|Linguistics
2222|English Grammar Boot Camp|Linguistics
9382|How Conversation Works: 6 Lessons for Better Communication|Linguistics
2840|Learning French: A Rendezvous with French-Speaking Cultures|Linguistics
3541|Decoding the Secrets of Egyptian Hieroglyphs|Linguistics
2280|Greek 101: Learning an Ancient Language|Linguistics
2274|English in America: A Linguistic History|Linguistics
1600|story of human language|Linguistics
2291|Language A to Z|Linguistics
2250|History of the English Language 2nd Ed|Linguistics
2270|Understanding Linguistics - The Science of Language|Linguistics
2241|Writing and Civilization: From Ancient Worlds to Modernity|Linguistics
2212|Myths, Lies, and Half-Truths of Language Usage|Linguistics
2263|Language and Society: What Your Speech Says About You|Linguistics
2442|Secrets of Great Mystery and Suspense Fiction|World Literature
6160|Sacred Texts of the World|World Literature
4944|Books that Matter: The Prince|World Literature
287|Dante’s Divine Comedy|World Literature
2830|Classics of Russian Literature|World Literature
6380|Confucius, Budda, Jesus, and Muhammad|World Literature
2192|Heroes and Legends: The Most Influential Characters of Literature|World Literature
4642|Books that Matter: The Analects of Confucius|World Literature
4600|Books that Have made History|World Literature
2310|Classic Novels: Meeting the Challenge of Great Literature|World Literature
2112|Skeptics Guide to the Great Books|World Literature
2380|Great Mythologies of the World|World Literature
4620|Great Minds of the Eastern Intellectual Tradition|World Literature
2300|History of World Literature|World Literature
2997|Masterpieces of the Imaginative Mind - Literature's Most Fantastic Works|World Literature
2180|Life Lessons from the Great Books|World Literature
9004|36 Books That Changed the World|World Literature
3870|Life Lessons from the Great Myths|World Literature
2539|Masterworks of Early 20th Century Literature|World Literature
484|The Soul and the City: Art, Literature, and Urban Living|World Literature
2100|Great Authors of the Western Literary Tradition, 2nd Edition|World Literature
2120|Western Literary Canon in Context|World Literature
2161|A Day's Read|World Literature
295|From Plato to Post-modernism: Understanding the Essence of Literature and the Role of the Author|World Literature
210|Understanding Literature and Life: Drama, Poetry and Narrative|World Literature
2411|A Children's Guide to Folklore and Wonder Tales|World Literature
2541|Writing Great Fiction: Storytelling Tips and Techniques|Writing
2368|Building Great Sentences: Exploring the Writer's Craft|Writing
2154|Writing Creative Nonfiction|Writing
2553|How to Publish Your Book|Writing
9331|Effective Communication Skills|Writing
2031|Art of Public Speaking: Lessons from the Greatest Speeches in History|Writing
2222|English Grammar Boot Camp|Writing
2133|Analysis and Critique: How to Engage and Write about Anything|Writing
2521|Becoming a Great Essayist|Writing
9313|Art of Storytelling: From Parents to Professionals|Writing
2140|Secret Life of Words: English Words and Their Origins|Writing
2044|Art of Teaching: Best Practices from a Master Educator|Writing
2198|Art of Reading|Writing
2192|Heroes and Legends: The Most Influential Characters of Literature|Writing
3130|Origin of Civilization|Writing
2241|Writing and Civilization: From Ancient Worlds to Modernity|Writing
877|Abraham Lincoln in his own words|Writing
2541|Writing Great Fiction: Storytelling Tips and Techniques|Genre
2154|Writing Creative Nonfiction|Genre
2521|Becoming a Great Essayist|Genre
2341|Great Utopian and Dystopian Works of Literature|Genre
2442|Secrets of Great Mystery and Suspense Fiction|Genre
2984|How Great Science Fiction Works|Genre
2830|Classics of Russian Literature|Genre
2429|The English Novel|Genre
2400|Classics of British Literature|Genre
217|Greek Tragedy|Genre
2300|History of World Literature|Genre
2997|Masterpieces of the Imaginative Mind - Literature's Most Fantastic Works|Genre
2317|Masterpieces of Short Fiction|Genre
2442|Secrets of Great Mystery and Suspense Fiction|Literary Surveys
2984|How Great Science Fiction Works|Literary Surveys
2830|Classics of Russian Literature|Literary Surveys
2429|The English Novel|Literary Surveys
2400|Classics of British Literature|Literary Surveys
2527|Great American Bestsellers: Books that Shaped America|Literary Surveys
2192|Heroes and Legends: The Most Influential Characters of Literature|Literary Surveys
250|Classics of American Literature|Literary Surveys
2997|Masterpieces of the Imaginative Mind - Literature's Most Fantastic Works|Literary Surveys
2317|Masterpieces of Short Fiction|Literary Surveys
2390|Masterpieces of Ancient Greek Literature|Literary Surveys
9004|36 Books That Changed the World|Literary Surveys
230|20th-Century American Fiction|Literary Surveys
291|Modern British Drama|Literary Surveys
2100|Great Authors of the Western Literary Tradition, 2nd Edition|Literary Surveys
5724|Understanding Investments|Finance
5800|Critcal Business Skills for Success|Finance
5000|Art of Investing: Lessons from History's Greatest Traders|Finance
5852|How the Stock Market Works|Finance
5751|Advanced Investments|Finance
5831|Financial Literacy: Finding Your Way in the Financial Markets|Finance
5405|International Economic Institutions: Globalism vs. Nationalism|Finance
5630|Money and Banking: What Everyone Should Know|Finance
5665|Thinking about Capitalism|Finance
5657|Unexpected Economics|Finance
5574|Why Economies Rise or Fall|Finance
5892|China, India, and the United States - Future of Democracy|Finance
5523|Economics of Uncertainty|Finance
5610|Modern Economic Issues|Finance
5642|Foundations of Economic Prosperity|Finance
5724|Understanding Investments|Economics
5231|Money Management Skills|Economics
5831|Financial Literacy: Finding Your Way in the Financial Markets|Economics
5670|Economic History of the World Since 1400|Economics
5511|Thinking like an Economist:  A guide to Rational Decision Making|Economics
5405|International Economic Institutions: Globalism vs. Nationalism|Economics
5630|Money and Banking: What Everyone Should Know|Economics
550|Economics (3rd Ed)|Economics
1426|Games People Play: Game Theory in Life, Business, and Beyond|Economics
5532|Behavioral Economics: When Psychology and Economics Collide|Economics
5665|Thinking about Capitalism|Economics
528|Legacies of Great Economists|Economics
5181|Understanding Complexity|Economics
5657|Unexpected Economics|Economics
5574|Why Economies Rise or Fall|Economics
5892|China, India, and the United States - Future of Democracy|Economics
5620|America and the New Global Economy|Economics
5523|Economics of Uncertainty|Economics
529|History of the U.S. Economy in the 20th Century|Economics
5610|Modern Economic Issues|Economics
5642|Foundations of Economic Prosperity|Economics
9231|Everyday Gourmet: Rediscovering the Lost Art of Cooking|Food & Wine
9284|Everyday Gourmet: The Joy of Mediterranean Cooking|Food & Wine
9721|How to Grow Anything: Food Gardening for Everyone|Food & Wine
1950|Nutrition Made Clear|Food & Wine
9222|Everyday Gourmet: Essential Secrets of Spices in Cooking|Food & Wine
9275|Everyday Gourmet: Cooking with Vegetables|Food & Wine
9292|Everyday Gourmet: Making Healthy Food Taste Great|Food & Wine
9253|Everyday Gourmet: Baking Pastries and Desserts|Food & Wine
9211|Everyday Gourmet: Making Great Meals in Less Time|Food & Wine
9271|Everyday Gourmet: How to Master Outdoor Cooking|Food & Wine
9123|Everyday Guide to Wine|Food & Wine
9144|Everyday Guide to Spirits and Cocktails: Tastes and Traditions|Food & Wine
9180|Food: A Cultural Culinary History|Food & Wine
9162|Everyday Guide to Wines of California|Food & Wine
9171|Everyday Guide to Wines of Italy|Food & Wine
9176|Everyday Guide to Wines of France|Food & Wine
1981|Myths of Nutrition and Fitness|Food & Wine
1651|Optimizing Brain Fitness|Health, Fitness, & Nutrition
1908|Essentials of Tai Chi and Qigong|Health, Fitness, & Nutrition
1933|Practicing Mindfulness: An Introduction to Meditation|Health, Fitness, & Nutrition
9631|Cognitive Behavioral Therapy: Techniques for Retraining Your Brain|Health, Fitness, & Nutrition
9263|Yoga for a Healthy Mind and Body|Health, Fitness, & Nutrition
1997|How to Stay Fit as You Age|Health, Fitness, & Nutrition
1950|Nutrition Made Clear|Health, Fitness, & Nutrition
1986|Science of Natural Healing|Health, Fitness, & Nutrition
1918|Mastering Tai Chi|Health, Fitness, & Nutrition
160|Understanding the Human Body - An Introduction to Anatomy, 2nd Ed|Health, Fitness, & Nutrition
1633|Aging Brain|Health, Fitness, & Nutrition
1670|Outsmart Yourself: Brain-Based Strategies to a Better You|Health, Fitness, & Nutrition
9303|Science of Mindfulness: A Research-Based Path to Well-Being|Health, Fitness, & Nutrition
9275|Everyday Gourmet: Cooking with Vegetables|Health, Fitness, & Nutrition
1668|Addictive Brain|Health, Fitness, & Nutrition
1994|Changing Body Composition through Diet and Exercise|Health, Fitness, & Nutrition
9190|How to Make Stress Work for You|Health, Fitness, & Nutrition
9462|Mayo Clinic Guide to Pain Relief|Health, Fitness, & Nutrition
1948|Science of Integrative Medicine|Health, Fitness, & Nutrition
1931|How to Boost Your Physical and Mental Energy|Health, Fitness, & Nutrition
1960|Physiology and Fitness|Health, Fitness, & Nutrition
1920|Mind-Body Medicine: The New Science of Optimal Health|Health, Fitness, & Nutrition
1585|Stress and Your Body|Health, Fitness, & Nutrition
1902|Essentials of Strength Training|Health, Fitness, & Nutrition
1977|Medical School for Everyone: Grand Rounds Cases|Health, Fitness, & Nutrition
1637|Scientific Secrets for Self-Control|Health, Fitness, & Nutrition
1606|Your Best Brain|Health, Fitness, & Nutrition
1564|Human Body: How we Fail, How we Heal|Health, Fitness, & Nutrition
1981|Myths of Nutrition and Fitness|Health, Fitness, & Nutrition
1533|Understanding Genetics:  DNA, Genes, and Their Real-World Applications|Health, Fitness, & Nutrition
1511|Introduction to Infectious Diseases|Health, Fitness, & Nutrition
1911|Memory and the Human Lifespan|Health, Fitness, & Nutrition
1546|Sensation, Perception and the Aging Process|Health, Fitness, & Nutrition
1942|Secrets of Sleep Science: From Dreams to Disorders|Health, Fitness, & Nutrition
1970|Lifelong Health: Achieving Optimum Well-being at Any Age|Health, Fitness, & Nutrition
1924|Medical Myths, Lies, and Half-Truths|Health, Fitness, & Nutrition
1956|What Science Knows about Cancer|Health, Fitness, & Nutrition
1940|Food, Science, and the Human Body|Health, Fitness, & Nutrition
7901|Fundamentals of Photography|Hobby & Leisure
7923|National Geographic Masters of Photography|Hobby & Leisure
7770|How to Draw|Hobby & Leisure
1908|Essentials of Tai Chi and Qigong|Hobby & Leisure
1846|Our Night Sky|Hobby & Leisure
1933|Practicing Mindfulness: An Introduction to Meditation|Hobby & Leisure
9721|How to Grow Anything: Food Gardening for Everyone|Hobby & Leisure
9263|Yoga for a Healthy Mind and Body|Hobby & Leisure
1997|How to Stay Fit as You Age|Hobby & Leisure
9394|Discovering Your Roots: An Introduction to Genealogy|Hobby & Leisure
9411|How to Play Chess: Lessons from an International Master|Hobby & Leisure
9716|How to Grow Anything: Container Gardening Tips & Techniques|Hobby & Leisure
1162|Understanding Modern Electronics|Hobby & Leisure
7931|Fundamentals of Photography II|Hobby & Leisure
7941|National Geographic Guide to Landscape and Wildlife Photography|Hobby & Leisure
7912|Art of Travel Photography: Six Expert Lessons|Hobby & Leisure
7022|How Colors Affect You: What Science Reveals|Hobby & Leisure
3502|National Geographic Polar Explorations|Hobby & Leisure
4072|Woodworking Tips, Tricks, and Secrets|Hobby & Leisure
9313|Art of Storytelling: From Parents to Professionals|Hobby & Leisure
1401|Mathematics of Games and Puzzles: From Cards to Sudoku|Hobby & Leisure
9523|Thinking about Cybersecurity: From Cyber Crime to Cyber Warfare|Hobby & Leisure
1960|Physiology and Fitness|Hobby & Leisure
1852|Skywatching: Seeing and Understanding Cosmic Wonders|Hobby & Leisure
1902|Essentials of Strength Training|Hobby & Leisure
9711|How to Grow Anything: Your Best Garden and Landscape in 6 Lessons|Hobby & Leisure
1796|Meterology: An Introduction to the Wonders of the Weather|Hobby & Leisure
9726|How to Grow Anything: Make Your Trees and Shrubs Thrive|Hobby & Leisure
9483|Fundamentals of Sustainable Living|Hobby & Leisure
1483|Art and Craft of Mathematical Problem Solving|Hobby & Leisure
1651|Optimizing Brain Fitness|Personal Development
1406|Secrets of Mental Math|Personal Development
1933|Practicing Mindfulness: An Introduction to Meditation|Personal Development
2810|Learning Spanish - How to Understand and Speak a New Language|Personal Development
9631|Cognitive Behavioral Therapy: Techniques for Retraining Your Brain|Personal Development
5724|Understanding Investments|Personal Development
1965|Scientific Secrets for a Powerful Memory|Personal Development
9263|Yoga for a Healthy Mind and Body|Personal Development
1997|How to Stay Fit as You Age|Personal Development
9373|Building a Better Vocabulary|Personal Development
2031|Art of Public Speaking: Lessons from the Greatest Speeches in History|Personal Development
1670|Outsmart Yourself: Brain-Based Strategies to a Better You|Personal Development
5972|Influence: Mastering Life's Most Powerful Skill|Personal Development
9303|Science of Mindfulness: A Research-Based Path to Well-Being|Personal Development
5231|Money Management Skills|Personal Development
9382|How Conversation Works: 6 Lessons for Better Communication|Personal Development
2002|Art of Debate|Personal Development
2840|Learning French: A Rendezvous with French-Speaking Cultures|Personal Development
9190|How to Make Stress Work for You|Personal Development
9313|Art of Storytelling: From Parents to Professionals|Personal Development
1931|How to Boost Your Physical and Mental Energy|Personal Development
5831|Financial Literacy: Finding Your Way in the Financial Markets|Personal Development
1671|Brain Myths Exploded: Lessons from Neuroscience|Personal Development
5986|Mastering Stage Presence: How to Present to Any Audience|Personal Development
9344|Your Deceptive Mind: A Scientific Guide to Critical Thinking Skills|Personal Development
3032|Guide to Essential Italy|Personal Development
5964|Art of Conflict Management, Achieving Solutions for Life, Work, and Beyond|Personal Development
5913|Strategic Thinking Skills|Personal Development
5511|Thinking like an Economist:  A guide to Rational Decision Making|Personal Development
9560|How You Decide: The Science of Human Decision Making|Personal Development
5630|Money and Banking: What Everyone Should Know|Personal Development
5943|Transformational Leadership: How Leaders Change Teams, Companies, and Organizations|Personal Development
2044|Art of Teaching: Best Practices from a Master Educator|Personal Development
1637|Scientific Secrets for Self-Control|Personal Development
1606|Your Best Brain|Personal Development
5532|Behavioral Economics: When Psychology and Economics Collide|Personal Development
4123|Passions: Philosophy and the Itelligence of Emotions|Personal Development
5955|Creative Thinker's Toolkit|Personal Development
1970|Lifelong Health: Achieving Optimum Well-being at Any Age|Personal Development
9438|Privacy, Property, and Free Speech: Law and the Constitution|Personal Development
9352|First Amendment and You: What Everyone Should Know|Personal Development
4222|Moral Decision Making: How to Approach Everyday Ethics|Personal Development
5133|Hidden Factor: Why Thinking Differently Is Your Greatest Asset|Personal Development
1707|Wonders of the National Parks - A Geology of North America|Travel
3032|Guide to Essential Italy|Travel
1712|World's Greatest Geological Wonders: 36 Spectacular Sites|Travel
7912|Art of Travel Photography: Six Expert Lessons|Travel
3231|Great Tours: Greece and Turkey|Travel
8576|Experiencing America: A Smithsonian Tour through American History|Travel
2840|Learning French: A Rendezvous with French-Speaking Cultures|Travel
1153|Understanding the World's Greatest Structures|Travel
3120|Lost Worlds of South America|Travel
3502|National Geographic Polar Explorations|Travel
3021|Great Tours: Experiencing Medieval Europe|Travel
3092|Customs of the World: Using Cultural Intelligence to Adapt,...|Travel
9162|Everyday Guide to Wines of California|Travel
9171|Everyday Guide to Wines of Italy|Travel
7842|World's Greatest Churches|Travel
9176|Everyday Guide to Wines of France|Travel
7868|The Cathedral|Travel
8894|London: A Short History of the Greatest City in the Western World|Travel
3430|Experiencing Rome: A Visual Exploration of Antiquity's Greatest Empire|Travel
9190|How to Make Stress Work for You|Parenting
9531|Raising Emotionally and Socially Healthy Kids|Parenting
9542|Scientific Secrets for Raising Kids Who Thrive|Parenting
9553|Medical School for Everyone - Pediatrics Grand Rounds|Parenting
2411|A Children's Guide to Folklore and Wonder Tales|Parenting
4072|Woodworking Tips, Tricks, and Secrets|Crafts and Woodworking
4001|Quilting Big Projects on a Small Machine|Crafts and Woodworking
4021|40 Techniques Every Sewer Should Know|Crafts and Woodworking
4080|Quilting Essentials: From Design to Color and Beyond|Crafts and Woodworking
4051|Crochet: Basics & Beyond|Crafts and Woodworking
4041|Essential Techniques Every Knitter Should Know|Crafts and Woodworking
4042|Knit Faster with Continental Knitting|Crafts and Woodworking
4022|Fitting Solo: From Measurements to Muslin|Crafts and Woodworking
4002|Cut to It: Strategies for Smarter Quilting|Crafts and Woodworking
4023|Beginner Serging: Machine Basics & Techniques|Crafts and Woodworking
4052|Improve Your Crochet|Crafts and Woodworking
4024|Underneath It All: Guide to Interfacings, Linings & Facings|Crafts and Woodworking
4062|Shop Essentials|Crafts and Woodworking
4061|Handheld Router Techniques & Tips|Crafts and Woodworking
5724|Understanding Investments|Professional Business
2553|How to Publish Your Book|Professional Business
5800|Critcal Business Skills for Success|Professional Business
5992|Entrepreneur's Toolkit|Professional Business
5000|Art of Investing: Lessons from History's Greatest Traders|Professional Business
1342|Mathematical Decision Making: Predictive Models and Optimization|Professional Business
5852|How the Stock Market Works|Professional Business
5751|Advanced Investments|Professional Business
5831|Financial Literacy: Finding Your Way in the Financial Markets|Professional Business
9523|Thinking about Cybersecurity: From Cyber Crime to Cyber Warfare|Professional Business
5964|Art of Conflict Management, Achieving Solutions for Life, Work, and Beyond|Professional Business
5913|Strategic Thinking Skills|Professional Business
5511|Thinking like an Economist:  A guide to Rational Decision Making|Professional Business
5630|Money and Banking: What Everyone Should Know|Professional Business
5943|Transformational Leadership: How Leaders Change Teams, Companies, and Organizations|Professional Business
550|Economics (3rd Ed)|Professional Business
1382|Big Data: How Data Analytics Is Transforming the World|Professional Business
5932|Art of Critical Decision Making|Professional Business
9363|Surveillance State - Big Data, Freedom, and You|Professional Business
5532|Behavioral Economics: When Psychology and Economics Collide|Professional Business
1487|Meaning from Data: Statistics Made Clear|Professional Business
1474|What are the Chances? Probability Made Clear|Professional Business
5657|Unexpected Economics|Professional Business
561|Business Law: Contracts|Professional Business
562|Business Law: Negligence and Torts|Professional Business
1483|Art and Craft of Mathematical Problem Solving|Professional Business
5332|How Ideas Spread|Professional Business
5610|Modern Economic Issues|Professional Business
5642|Foundations of Economic Prosperity|Professional Business
2541|Writing Great Fiction: Storytelling Tips and Techniques|Professional Communication Skills
2154|Writing Creative Nonfiction|Professional Communication Skills
9373|Building a Better Vocabulary|Professional Communication Skills
9331|Effective Communication Skills|Professional Communication Skills
2031|Art of Public Speaking: Lessons from the Greatest Speeches in History|Professional Communication Skills
5800|Critcal Business Skills for Success|Professional Communication Skills
5937|Understanding Nonverbal Communication|Professional Communication Skills
5972|Influence: Mastering Life's Most Powerful Skill|Professional Communication Skills
2222|English Grammar Boot Camp|Professional Communication Skills
2133|Analysis and Critique: How to Engage and Write about Anything|Professional Communication Skills
9382|How Conversation Works: 6 Lessons for Better Communication|Professional Communication Skills
2002|Art of Debate|Professional Communication Skills
5921|Art of Negotiating the Best Deal|Professional Communication Skills
9313|Art of Storytelling: From Parents to Professionals|Professional Communication Skills
5986|Mastering Stage Presence: How to Present to Any Audience|Professional Communication Skills
5964|Art of Conflict Management, Achieving Solutions for Life, Work, and Beyond|Professional Communication Skills
2044|Art of Teaching: Best Practices from a Master Educator|Professional Communication Skills
3092|Customs of the World: Using Cultural Intelligence to Adapt,...|Professional Communication Skills
4294|Argumentation: The Study of Effective Reasoning (2nd Ed)|Professional Communication Skills
561|Business Law: Contracts|Professional Communication Skills
562|Business Law: Negligence and Torts|Professional Communication Skills
5332|How Ideas Spread|Professional Communication Skills
2263|Language and Society: What Your Speech Says About You|Professional Communication Skills
9313|Art of Storytelling: From Parents to Professionals|Professional Education
1456|Discrete Mathematics|Professional Education
2044|Art of Teaching: Best Practices from a Master Educator|Professional Education
1642|Intelligent Brain|Professional Education
1483|Art and Craft of Mathematical Problem Solving|Professional Education
2052|How the World Learns: Comparative Educational Systems|Professional Education
9331|Effective Communication Skills|Professional Leadership Skills
5800|Critcal Business Skills for Success|Professional Leadership Skills
5972|Influence: Mastering Life's Most Powerful Skill|Professional Leadership Skills
5992|Entrepreneur's Toolkit|Professional Leadership Skills
9382|How Conversation Works: 6 Lessons for Better Communication|Professional Leadership Skills
5921|Art of Negotiating the Best Deal|Professional Leadership Skills
5964|Art of Conflict Management, Achieving Solutions for Life, Work, and Beyond|Professional Leadership Skills
5913|Strategic Thinking Skills|Professional Leadership Skills
5943|Transformational Leadership: How Leaders Change Teams, Companies, and Organizations|Professional Leadership Skills
2044|Art of Teaching: Best Practices from a Master Educator|Professional Leadership Skills
4944|Books that Matter: The Prince|Professional Leadership Skills
5932|Art of Critical Decision Making|Professional Leadership Skills
9456|Art of War|Professional Leadership Skills
5181|Understanding Complexity|Professional Leadership Skills
5133|Hidden Factor: Why Thinking Differently Is Your Greatest Asset|Professional Leadership Skills
1965|Scientific Secrets for a Powerful Memory|Professional Thinking Skills
9151|How to Program - Computer Science and Python Exercises|Professional Thinking Skills
5800|Critcal Business Skills for Success|Professional Thinking Skills
5992|Entrepreneur's Toolkit|Professional Thinking Skills
9382|How Conversation Works: 6 Lessons for Better Communication|Professional Thinking Skills
5831|Financial Literacy: Finding Your Way in the Financial Markets|Professional Thinking Skills
9344|Your Deceptive Mind: A Scientific Guide to Critical Thinking Skills|Professional Thinking Skills
4253|Philosopher's Toolkit: How to Be the Most Rational Person in...|Professional Thinking Skills
5913|Strategic Thinking Skills|Professional Thinking Skills
5511|Thinking like an Economist:  A guide to Rational Decision Making|Professional Thinking Skills
9422|Masters of War: History's Greatest Strategic Thinkers|Professional Thinking Skills
9560|How You Decide: The Science of Human Decision Making|Professional Thinking Skills
5943|Transformational Leadership: How Leaders Change Teams, Companies, and Organizations|Professional Thinking Skills
5932|Art of Critical Decision Making|Professional Thinking Skills
1426|Games People Play: Game Theory in Life, Business, and Beyond|Professional Thinking Skills
5532|Behavioral Economics: When Psychology and Economics Collide|Professional Thinking Skills
9456|Art of War|Professional Thinking Skills
4294|Argumentation: The Study of Effective Reasoning (2nd Ed)|Professional Thinking Skills
5955|Creative Thinker's Toolkit|Professional Thinking Skills
5181|Understanding Complexity|Professional Thinking Skills
4222|Moral Decision Making: How to Approach Everyday Ethics|Professional Thinking Skills
5133|Hidden Factor: Why Thinking Differently Is Your Greatest Asset|Professional Thinking Skills
4413|Tools of Thinking: Understanding the World Through Experience and Reason|Professional Thinking Skills
9388|Skepticism 101: How to Think like a Scientist|Professional Thinking Skills
830|History of the United States, 1st Edition|High School History
132|High School Level - Early American History|High School History
131|High School Level - World History: the Fertile Crescent to the American Revolution (HS)|High School History
8580|Turning Points in American History|High School History
8032|Turning Points in Modern History|High School History
8190|Long 19th Century: European History from 1789 to 1917|High School History
8100|Great Presidents|High School History
1443|Power of Mathematical Visualization|High School Math
1014|Mastering the Fundamentals of Mathematics|High School Math
1007|Understanding Calculus - Problems, Solutions, and Tips|High School Math
1001|Algebra I|High School Math
1002|Algebra II|High School Math
1033|Geometry: An Interactive Journey to Mastery|High School Math
1018|Understanding Calculus II: Problems, Solutions, and Tips|High School Math
1005|Mathematics Describing the Real World: Precalculus and Trigonometry|High School Math
1023|Understanding Multivariable Calculus: Problems, Solutions, and Tips|High School Math
1185|Foundations of Organic Chemistry|High School Science
1012|Chemistry, 2nd Edition |High School Science
1893|Visual Guide to the Universe with the Smithsonian|High School Science
1126|12 Essential Scientific Concepts|High School Science
1965|Scientific Secrets for a Powerful Memory|High School Study Skills
9373|Building a Better Vocabulary|High School Study Skills
9331|Effective Communication Skills|High School Study Skills
2031|Art of Public Speaking: Lessons from the Greatest Speeches in History|High School Study Skills
1050|How to Become a SuperStar Student, 2nd Edition|High School Study Skills
2044|Art of Teaching: Best Practices from a Master Educator|High School Study Skills
5972|Influence: Mastering Life's Most Powerful Skill|High School Critical Thinking Skills
9344|Your Deceptive Mind: A Scientific Guide to Critical Thinking Skills|High School Critical Thinking Skills
5913|Strategic Thinking Skills|High School Critical Thinking Skills
9388|Skepticism 101: How to Think like a Scientist|High School Critical Thinking Skills
9373|Building a Better Vocabulary|High School Reading & Writing
2133|Analysis and Critique: How to Engage and Write about Anything|High School Reading & Writing
2711|How to Read and Understand Shakespeare|High School Reading & Writing
2198|Art of Reading|High School Reading & Writing
2376|King Arthur: History and Legend|High School Reading & Writing
